{
    "name": "root",
    "gauges": {
        "AirRacers.Policy.Entropy.mean": {
            "value": 2.108658790588379,
            "min": 2.108658790588379,
            "max": 2.108658790588379,
            "count": 1
        },
        "AirRacers.Policy.Entropy.sum": {
            "value": 4622.18017578125,
            "min": 4622.18017578125,
            "max": 4622.18017578125,
            "count": 1
        },
        "AirRacers.Environment.EpisodeLength.mean": {
            "value": 40.361702127659576,
            "min": 40.361702127659576,
            "max": 40.361702127659576,
            "count": 1
        },
        "AirRacers.Environment.EpisodeLength.sum": {
            "value": 1897.0,
            "min": 1897.0,
            "max": 1897.0,
            "count": 1
        },
        "AirRacers.Step.mean": {
            "value": 1944.0,
            "min": 1944.0,
            "max": 1944.0,
            "count": 1
        },
        "AirRacers.Step.sum": {
            "value": 1944.0,
            "min": 1944.0,
            "max": 1944.0,
            "count": 1
        },
        "AirRacers.Policy.ExtrinsicValueEstimate.mean": {
            "value": 3.124821901321411,
            "min": 3.124821901321411,
            "max": 3.124821901321411,
            "count": 1
        },
        "AirRacers.Policy.ExtrinsicValueEstimate.sum": {
            "value": 149.991455078125,
            "min": 149.991455078125,
            "max": 149.991455078125,
            "count": 1
        },
        "AirRacers.Environment.CumulativeReward.mean": {
            "value": -75.50712908075211,
            "min": -75.50712908075211,
            "max": -75.50712908075211,
            "count": 1
        },
        "AirRacers.Environment.CumulativeReward.sum": {
            "value": -3548.835066795349,
            "min": -3548.835066795349,
            "max": -3548.835066795349,
            "count": 1
        },
        "AirRacers.Policy.ExtrinsicReward.mean": {
            "value": -75.50712908075211,
            "min": -75.50712908075211,
            "max": -75.50712908075211,
            "count": 1
        },
        "AirRacers.Policy.ExtrinsicReward.sum": {
            "value": -3548.835066795349,
            "min": -3548.835066795349,
            "max": -3548.835066795349,
            "count": 1
        },
        "AirRacers.IsTraining.mean": {
            "value": 1.0,
            "min": 1.0,
            "max": 1.0,
            "count": 1
        },
        "AirRacers.IsTraining.sum": {
            "value": 1.0,
            "min": 1.0,
            "max": 1.0,
            "count": 1
        }
    },
    "metadata": {
        "timer_format_version": "0.1.0",
        "start_time_seconds": "1718487939",
        "python_version": "3.9.18 (main, Sep 11 2023, 08:38:23) \n[Clang 14.0.6 ]",
        "command_line_arguments": "/opt/anaconda3/envs/ml-agents/bin/mlagents-learn config/AirRacers.yaml --run-id=AirRacers2",
        "mlagents_version": "0.30.0",
        "mlagents_envs_version": "0.30.0",
        "communication_protocol_version": "1.5.0",
        "pytorch_version": "1.11.0",
        "numpy_version": "1.21.2",
        "end_time_seconds": "1718488057"
    },
    "total": 118.457606746,
    "count": 1,
    "self": 0.005688805999994884,
    "children": {
        "run_training.setup": {
            "total": 0.026833394999999927,
            "count": 1,
            "self": 0.026833394999999927
        },
        "TrainerController.start_learning": {
            "total": 118.425084545,
            "count": 1,
            "self": 0.01613617099998521,
            "children": {
                "TrainerController._reset_env": {
                    "total": 20.506902654999998,
                    "count": 1,
                    "self": 20.506902654999998
                },
                "TrainerController.advance": {
                    "total": 97.57575848900002,
                    "count": 710,
                    "self": 0.014767564000209177,
                    "children": {
                        "env_step": {
                            "total": 97.27350427999988,
                            "count": 710,
                            "self": 96.3945728909999,
                            "children": {
                                "SubprocessEnvManager._take_step": {
                                    "total": 0.8697895679999483,
                                    "count": 710,
                                    "self": 0.037921005000054464,
                                    "children": {
                                        "TorchPolicy.evaluate": {
                                            "total": 0.8318685629998939,
                                            "count": 663,
                                            "self": 0.8318685629998939
                                        }
                                    }
                                },
                                "workers": {
                                    "total": 0.00914182100003913,
                                    "count": 709,
                                    "self": 0.0,
                                    "children": {
                                        "worker_root": {
                                            "total": 36.27747410499992,
                                            "count": 709,
                                            "is_parallel": true,
                                            "self": 1.9158469269999188,
                                            "children": {
                                                "steps_from_proto": {
                                                    "total": 0.0005333610000022304,
                                                    "count": 1,
                                                    "is_parallel": true,
                                                    "self": 0.00019673299999922733,
                                                    "children": {
                                                        "_process_rank_one_or_two_observation": {
                                                            "total": 0.0003366280000030031,
                                                            "count": 8,
                                                            "is_parallel": true,
                                                            "self": 0.0003366280000030031
                                                        }
                                                    }
                                                },
                                                "UnityEnvironment.step": {
                                                    "total": 34.361093817,
                                                    "count": 709,
                                                    "is_parallel": true,
                                                    "self": 0.10583180200008258,
                                                    "children": {
                                                        "UnityEnvironment._generate_step_input": {
                                                            "total": 0.06999242900003821,
                                                            "count": 709,
                                                            "is_parallel": true,
                                                            "self": 0.06999242900003821
                                                        },
                                                        "communicator.exchange": {
                                                            "total": 33.777888171999955,
                                                            "count": 709,
                                                            "is_parallel": true,